{
  "scores": {
    "a21_jamba": 59.65306122448978,
    "gpt4": 73.72040816326532,
    "cursor": 83.16938775510205,
    "trae": 80.7408163265306,
    "deepseek_v3_1": 87.98367346938777,
    "deepseek_v3": 83.94489795918368,
    "grok4": 78.8469387755102,
    "cohere_commandr": 61.4469387755102,
    "codex_edu": 90.28571428571429,
    "codex": 80.78163265306122,
    "meta_llama3": 86.17142857142858,
    "zed": 86.6,
    "meta_llama4": 79.18979591836735,
    "jetbrain_junie": 85.79591836734694,
    "nvidia_llama3_3": 86.35306122448979,
    "pycharm": 86.61020408163265,
    "replit": 55.15918367346938,
    "nova1": 70.48163265306123,
    "cline": 80.11632653061226,
    "mythomax": 11.969047619047618,
    "claude4_5sonnet": 81.89591836734692,
    "nova2": 81.5142857142857,
    "qwen2_5": 68.03265306122448,
    "aider": 85.31632653061226,
    "tabbyml": 10.428571428571429,
    "perplexity_sonar": 66.00000000000001,
    "qwen3": 89.17142857142858,
    "tabnine": 51.673469387755105,
    "claude3_5sonnet": 74.47755102040814,
    "gpt5_1": 90.50000000000001,
    "phi4": 71.43469387755103,
    "nvidia_llama3_1": 83.53265306122447,
    "amazonq": 83.00408163265307,
    "gpt5": 91.35510204081632,
    "firebase": 62.46530612244898,
    "github_copilot": 81.01836734693877,
    "qodo": 84.67755102040816,
    "sourcegraph": 84.63469387755103,
    "deepseek_v3_2": 87.0061224489796,
    "gemini2_5": 88.19999999999997,
    "windsurf": 63.29183673469389,
    "grok3": 85.31020408163268,
    "nous_hermes3": 87.6530612244898
  },
  "raw_scores": {
    "gpt5": 100.0,
    "codex_edu": 100.0,
    "gpt5_1": 100.0,
    "gemini2_5": 100.0,
    "nvidia_llama3_3": 100.0,
    "qwen3": 100.0,
    "nous_hermes3": 100.0,
    "jetbrain_junie": 100.0,
    "deepseek_v3_1": 100.0,
    "qodo": 100.0,
    "pycharm": 100.0,
    "sourcegraph": 100.0,
    "deepseek_v3_2": 100.0,
    "grok3": 100.0,
    "meta_llama3": 100.0,
    "cursor": 100.0,
    "zed": 100.0,
    "aider": 100.0,
    "nvidia_llama3_1": 100.0,
    "deepseek_v3": 100.0,
    "nova2": 100.0,
    "amazonq": 100.0,
    "claude4_5sonnet": 100.0,
    "meta_llama4": 90.0,
    "github_copilot": 100.0,
    "codex": 100.0,
    "cline": 94.28571428571428,
    "grok4": 100.0,
    "trae": 87.14285714285714,
    "gpt4": 95.71428571428572,
    "claude3_5sonnet": 100.0,
    "nova1": 87.14285714285714,
    "phi4": 88.57142857142857,
    "qwen2_5": 85.71428571428571,
    "perplexity_sonar": 71.42857142857143,
    "windsurf": 75.71428571428571,
    "cohere_commandr": 72.85714285714285,
    "firebase": 71.42857142857143,
    "a21_jamba": 81.42857142857143,
    "replit": 70.0,
    "tabnine": 61.42857142857143,
    "mythomax": 18.333333333333332,
    "tabbyml": 16.666666666666664
  },
  "run_count": 7
}