{
  "scores": {
    "qodo": 85.00294117647059,
    "nvidia_llama3_1": 87.53823529411764,
    "deepseek_v3": 86.03235294117647,
    "a21_jamba": 65.93823529411765,
    "firebase": 59.24411764705883,
    "mythomax": 6.7441176470588236,
    "claude4_5sonnet": 82.46470588235294,
    "aider": 86.90882352941176,
    "tabnine": 52.80882352941177,
    "gpt5": 90.12352941176471,
    "gpt4": 73.99117647058823,
    "deepseek_v3_1": 88.20882352941176,
    "qwen3": 89.53529411764707,
    "cline": 84.40588235294118,
    "windsurf": 65.54411764705883,
    "replit": 61.03823529411765,
    "gemini2_5": 90.64411764705883,
    "grok4": 80.64705882352942,
    "sourcegraph": 89.34117647058824,
    "meta_llama4": 83.77058823529413,
    "phi4": 72.1235294117647,
    "amazonq": 84.55,
    "meta_llama3": 86.88529411764705,
    "nvidia_llama3_3": 73.78823529411764,
    "zed": 87.73823529411764,
    "nova1": 74.66764705882353,
    "qwen2": 34.15,
    "trae": 79.96176470588236,
    "codex": 82.20588235294117,
    "cohere_commandr": 61.955882352941174,
    "grok3": 88.76176470588234,
    "claude3_5sonnet": 77.0029411764706,
    "cursor": 84.68823529411765,
    "jetbrain_junie": 85.85,
    "perplexity_sonar": 57.54705882352941,
    "github_copilot": 83.97941176470587,
    "tabbyml": 5.488235294117647,
    "nova2": 82.90294117647059,
    "codex_edu": 94.56764705882352,
    "pycharm": 88.87058823529412,
    "gpt5_1": 91.21764705882353,
    "nous_hermes3": 89.63529411764706,
    "deepseek_v3_2": 88.7235294117647
  },
  "raw_scores": {
    "qwen3": 104.41176470588236,
    "codex_edu": 104.41176470588236,
    "deepseek_v3_1": 104.41176470588236,
    "gpt5": 104.41176470588236,
    "aider": 104.41176470588236,
    "gemini2_5": 104.41176470588236,
    "grok3": 104.41176470588236,
    "gpt5_1": 104.41176470588236,
    "deepseek_v3_2": 104.41176470588236,
    "sourcegraph": 104.41176470588236,
    "nvidia_llama3_1": 104.41176470588236,
    "zed": 104.41176470588236,
    "meta_llama3": 104.41176470588236,
    "nous_hermes3": 104.41176470588236,
    "deepseek_v3": 104.41176470588236,
    "qodo": 104.41176470588236,
    "pycharm": 104.41176470588236,
    "jetbrain_junie": 104.41176470588236,
    "github_copilot": 104.41176470588236,
    "claude4_5sonnet": 104.41176470588236,
    "codex": 104.41176470588236,
    "amazonq": 104.41176470588236,
    "cline": 98.52941176470588,
    "trae": 92.64705882352942,
    "nova2": 104.41176470588236,
    "meta_llama4": 94.11764705882352,
    "cursor": 104.41176470588236,
    "grok4": 104.41176470588236,
    "nvidia_llama3_3": 83.82352941176471,
    "claude3_5sonnet": 104.41176470588236,
    "phi4": 92.64705882352942,
    "gpt4": 100.0,
    "nova1": 92.64705882352942,
    "a21_jamba": 80.88235294117648,
    "windsurf": 73.52941176470588,
    "replit": 75.0,
    "cohere_commandr": 73.52941176470588,
    "perplexity_sonar": 66.17647058823529,
    "firebase": 69.11764705882352,
    "tabnine": 60.29411764705882,
    "qwen2": 44.11764705882353,
    "mythomax": 11.76470588235294,
    "tabbyml": 10.294117647058822
  },
  "run_count": 5
}