{
  "scores": {
    "firebase": 49.17647058823529,
    "tabnine": 50.676470588235304,
    "nous_hermes3": 81.58823529411764,
    "gemini2_5": 92.04411764705883,
    "tabbyml": 5.573529411764706,
    "replit": 55.91176470588236,
    "cohere_commandr": 36.455882352941174,
    "trae": 73.3970588235294,
    "a21_jamba": 21.705882352941174,
    "cursor": 86.77941176470588,
    "gpt5": 55.70588235294118,
    "nova1": 59.61764705882353,
    "github_copilot": 82.75,
    "deepseek_v3_1": 56.838235294117645,
    "gpt5_1": 78.67647058823529,
    "pycharm": 86.05882352941177,
    "meta_llama4": 79.58823529411765,
    "grok4": 57.25,
    "gpt4": 48.411764705882355,
    "jetbrain_junie": 80.5,
    "claude3_5sonnet": 80.11764705882352,
    "gemini1_5": 81.17647058823529,
    "nvidia_llama3": 88.1470588235294,
    "claude4_5sonnet": 84.10294117647058,
    "windsurf": 60.25,
    "qwen2": 39.0,
    "meta_llama3": 75.52941176470588,
    "mythomax": 5.838235294117648,
    "grok3": 87.58823529411765,
    "sourcegraph": 86.5,
    "qodo": 87.1764705882353,
    "zed": 80.9264705882353,
    "amazonq": 82.44117647058825,
    "grok2": 85.36764705882352,
    "phi4": 43.14705882352941,
    "deepseek_v3": 88.66176470588235,
    "thudm_glm4": 70.73529411764706,
    "cline": 77.47058823529412,
    "aider": 91.61764705882352,
    "codex": 79.52941176470588,
    "qwen3": 73.22058823529412,
    "sarvam_m": 22.661764705882355,
    "perplexity_sonar": 35.80882352941177,
    "nova2": 83.97058823529412,
    "deepseek_v3_2": 83.69117647058823,
    "01ai_yi": 36.47058823529412,
    "dolphin_mixtral": 65.1470588235294,
    "codex_edu": 82.91176470588235
  },
  "raw_scores": {
    "gemini2_5": 98.52941176470588,
    "aider": 100.0,
    "deepseek_v3": 100.0,
    "nvidia_llama3": 100.0,
    "grok3": 100.0,
    "qodo": 100.0,
    "cursor": 100.0,
    "sourcegraph": 100.0,
    "pycharm": 100.0,
    "grok2": 94.11764705882352,
    "claude4_5sonnet": 100.0,
    "nova2": 100.0,
    "deepseek_v3_2": 98.52941176470588,
    "codex_edu": 98.52941176470588,
    "github_copilot": 100.0,
    "amazonq": 100.0,
    "nous_hermes3": 95.58823529411765,
    "gemini1_5": 100.0,
    "zed": 100.0,
    "jetbrain_junie": 100.0,
    "claude3_5sonnet": 100.0,
    "meta_llama4": 92.64705882352942,
    "codex": 100.0,
    "gpt5_1": 98.52941176470588,
    "cline": 95.58823529411765,
    "meta_llama3": 91.17647058823529,
    "trae": 88.23529411764706,
    "qwen3": 77.94117647058823,
    "thudm_glm4": 79.41176470588235,
    "dolphin_mixtral": 73.52941176470588,
    "windsurf": 70.58823529411765,
    "nova1": 75.0,
    "grok4": 77.94117647058823,
    "deepseek_v3_1": 70.58823529411765,
    "replit": 69.11764705882352,
    "gpt5": 64.70588235294117,
    "tabnine": 60.29411764705882,
    "firebase": 64.70588235294117,
    "gpt4": 63.23529411764706,
    "phi4": 51.470588235294116,
    "qwen2": 58.82352941176471,
    "01ai_yi": 52.94117647058824,
    "cohere_commandr": 48.529411764705884,
    "perplexity_sonar": 39.705882352941174,
    "sarvam_m": 27.941176470588236,
    "a21_jamba": 41.17647058823529,
    "mythomax": 11.76470588235294,
    "tabbyml": 10.294117647058822
  },
  "run_count": 1
}