{
  "scores": {
    "nous_hermes3": 83.35714285714286,
    "claude3_5sonnet": 82.28151260504202,
    "mythomax": 5.798319327731093,
    "qodo": 88.50420168067227,
    "nova2": 85.61764705882354,
    "cline": 80.74579831932772,
    "claude4_5sonnet": 85.50420168067227,
    "gpt5": 58.36764705882353,
    "windsurf": 61.783613445378144,
    "meta_llama4": 82.71008403361347,
    "cursor": 85.95378151260503,
    "thudm_glm4": 75.06932773109243,
    "a21_jamba": 21.464285714285715,
    "replit": 56.36134453781513,
    "01ai_yi": 41.00840336134454,
    "qwen2": 44.89075630252101,
    "sourcegraph": 86.02100840336136,
    "jetbrain_junie": 84.17857142857143,
    "dolphin_mixtral": 67.15546218487394,
    "cohere_commandr": 39.997899159663866,
    "grok2": 85.17436974789916,
    "gpt4": 53.86974789915967,
    "firebase": 55.05042016806722,
    "deepseek_v3": 87.17016806722688,
    "phi4": 42.7563025210084,
    "tabnine": 52.39075630252101,
    "trae": 80.16806722689077,
    "sarvam_m": 21.922268907563023,
    "meta_llama3": 81.27310924369748,
    "tabbyml": 5.304621848739496,
    "codex": 87.73109243697479,
    "gpt5_1": 86.21848739495798,
    "gemini2_5": 9.689075630252102,
    "aider": 90.34453781512606,
    "github_copilot": 85.50840336134455,
    "deepseek_v3_2": 85.14915966386555,
    "nova1": 66.60714285714288,
    "grok4": 64.5252100840336,
    "perplexity_sonar": 34.61764705882353,
    "deepseek_v3_1": 64.59663865546217,
    "nvidia_llama3": 89.49789915966387,
    "amazonq": 86.31302521008402,
    "zed": 83.38865546218487,
    "qwen3": 69.56092436974791,
    "codex_edu": 85.10084033613445,
    "gemini1_5": 84.9579831932773,
    "grok3": 90.34033613445378,
    "pycharm": 86.43907563025209
  },
  "raw_scores": {
    "nvidia_llama3": 100.0,
    "nova2": 100.0,
    "cursor": 100.0,
    "qodo": 100.0,
    "zed": 100.0,
    "gemini1_5": 100.0,
    "aider": 100.0,
    "pycharm": 100.0,
    "gpt5_1": 98.52941176470588,
    "grok3": 100.0,
    "jetbrain_junie": 100.0,
    "codex": 100.0,
    "deepseek_v3": 100.0,
    "amazonq": 100.0,
    "meta_llama3": 91.17647058823529,
    "github_copilot": 100.0,
    "meta_llama4": 92.64705882352942,
    "grok2": 94.11764705882352,
    "deepseek_v3_2": 98.52941176470588,
    "codex_edu": 98.52941176470588,
    "nous_hermes3": 95.58823529411765,
    "sourcegraph": 100.0,
    "claude4_5sonnet": 100.0,
    "trae": 86.76470588235294,
    "thudm_glm4": 79.41176470588235,
    "cline": 95.58823529411765,
    "claude3_5sonnet": 100.0,
    "qwen3": 77.94117647058823,
    "nova1": 75.0,
    "grok4": 77.94117647058823,
    "deepseek_v3_1": 70.58823529411765,
    "gpt5": 64.70588235294117,
    "dolphin_mixtral": 73.52941176470588,
    "windsurf": 70.58823529411765,
    "firebase": 64.70588235294117,
    "replit": 69.11764705882352,
    "gpt4": 63.23529411764706,
    "tabnine": 60.29411764705882,
    "qwen2": 58.82352941176471,
    "phi4": 51.470588235294116,
    "cohere_commandr": 48.529411764705884,
    "01ai_yi": 52.94117647058824,
    "perplexity_sonar": 39.705882352941174,
    "a21_jamba": 41.17647058823529,
    "sarvam_m": 27.941176470588236,
    "gemini2_5": 10.294117647058822,
    "mythomax": 11.76470588235294,
    "tabbyml": 10.294117647058822
  },
  "run_count": 7
}