{
  "scores": {
    "windsurf": 63.205882352941174,
    "qwen2": 33.347058823529416,
    "firebase": 57.23529411764706,
    "deepseek_v3": 86.37352941176471,
    "aider": 89.34411764705882,
    "pycharm": 83.98235294117647,
    "phi4": 78.5764705882353,
    "nova2": 85.60882352941177,
    "gemini2_5": 87.88529411764705,
    "mythomax": 6.982352941176471,
    "a21_jamba": 75.18823529411763,
    "zed": 84.86764705882352,
    "codex": 85.6735294117647,
    "gpt5": 88.69117647058823,
    "cline": 80.68823529411765,
    "nova1": 81.3235294117647,
    "github_copilot": 84.13235294117648,
    "tabnine": 52.12941176470589,
    "amazonq": 85.92941176470588,
    "claude4_5sonnet": 85.84411764705882,
    "deepseek_v3_2": 89.60294117647058,
    "nvidia_llama3_1": 89.37647058823529,
    "nous_hermes3": 90.3029411764706,
    "grok4": 79.96470588235294,
    "trae": 76.34705882352941,
    "cohere_commandr": 67.62647058823529,
    "cursor": 85.81764705882352,
    "tabbyml": 5.555882352941176,
    "meta_llama3": 89.93823529411765,
    "claude3_5sonnet": 80.38823529411764,
    "gpt5_1": 84.32058823529411,
    "jetbrain_junie": 84.80882352941177,
    "deepseek_v3_1": 88.96176470588236,
    "sourcegraph": 83.52058823529413,
    "meta_llama4": 80.44117647058822,
    "qodo": 88.64705882352942,
    "codex_edu": 84.45588235294119,
    "perplexity_sonar": 55.55294117647058,
    "grok3": 89.83235294117648,
    "nvidia_llama3_3": 71.69411764705883,
    "replit": 57.19705882352942,
    "qwen3": 89.31470588235295,
    "gpt4": 78.49411764705881
  },
  "raw_scores": {
    "meta_llama3": 100.0,
    "aider": 100.0,
    "nous_hermes3": 100.0,
    "qwen3": 100.0,
    "grok3": 100.0,
    "nvidia_llama3_1": 100.0,
    "deepseek_v3_1": 100.0,
    "gpt5": 100.0,
    "deepseek_v3_2": 100.0,
    "zed": 100.0,
    "nova2": 100.0,
    "deepseek_v3": 100.0,
    "codex": 100.0,
    "cursor": 100.0,
    "jetbrain_junie": 100.0,
    "claude4_5sonnet": 100.0,
    "amazonq": 100.0,
    "gpt5_1": 98.52941176470588,
    "claude3_5sonnet": 100.0,
    "github_copilot": 100.0,
    "sourcegraph": 100.0,
    "qodo": 100.0,
    "codex_edu": 98.52941176470588,
    "pycharm": 100.0,
    "cline": 95.58823529411765,
    "nova1": 91.17647058823529,
    "meta_llama4": 91.17647058823529,
    "gpt4": 95.58823529411765,
    "gemini2_5": 100.0,
    "phi4": 88.23529411764706,
    "trae": 88.23529411764706,
    "a21_jamba": 79.41176470588235,
    "grok4": 98.52941176470588,
    "nvidia_llama3_3": 79.41176470588235,
    "cohere_commandr": 72.05882352941177,
    "windsurf": 70.58823529411765,
    "replit": 69.11764705882352,
    "firebase": 64.70588235294117,
    "perplexity_sonar": 63.23529411764706,
    "tabnine": 60.29411764705882,
    "qwen2": 44.11764705882353,
    "mythomax": 11.76470588235294,
    "tabbyml": 10.294117647058822
  },
  "run_count": 5
}